filename,transcription
/content/drive/MyDrive/Clean_filtered_Ewo/1CO/1CO_001/1CO_001_001.wav,ma paulus meloeban na mebo apostel kristus yesus a nyian zamba ai madzan sostene
/content/drive/MyDrive/Clean_filtered_Ewo/1CO/1CO_001/1CO_001_002.wav,abe ndazamba ya ene a korinti a bene mfuban abe kristus beloeban na bebo mimfufub abaman ai e bod bese baloe dzoe nti waan yesus kristus hom ose ya ane nti waban atoa fe engoan
/content/drive/MyDrive/Clean_filtered_Ewo/1CO/1CO_001/1CO_001_003.wav,maa aboog ai mina ai mvoe ya biaso abe zamba esya waan ai esya nti yesus kristus
/content/drive/MyDrive/Clean_filtered_Ewo/1CO/1CO_001/1CO_001_004.wav,mave zamba wama ngan a bog ase asu daan asu e maa zamba bengave mina abe yesus kristus
/content/drive/MyDrive/Clean_filtered_Ewo/1CO/1CO_001/1CO_001_005.wav,amu abe nye ngo miabi kan akuma ese a nkobo ose ai a nyeman ose
/content/drive/MyDrive/Clean_filtered_Ewo/1CO/1CO_001/1CO_001_006.wav,amu mboolan kristus ongayem abe mina
/content/drive/MyDrive/Clean_filtered_Ewo/1CO/1CO_001/1CO_001_007.wav,akyae ye na e mina ya miayanga na nti waan yesus kristus ayi kulan to efae akab zin yadzeman ki fe mina
/content/drive/MyDrive/Clean_filtered_Ewo/1CO/1CO_001/1CO_001_008.wav,nnye hm ayi mina wone abui a memana mintoa tege ai akalega a amos nti waan yesus kristus
/content/drive/MyDrive/Clean_filtered_Ewo/1CO/1CO_001/1CO_001_009.wav,zamba ane mod afidi nnye angaloe mina na mizu baman enyin ai mon woe yesus kristus nti waan
/content/drive/MyDrive/Clean_filtered_Ewo/1CO/1CO_001/1CO_001_010.wav,ndo hm makogelan ai mina a dzoe nti waan yesus kristus a babedzan na mina bese mibo kin dzidzia tege ai ngam ngam abe mina na milad nnem mbog mbog
/content/drive/MyDrive/Clean_filtered_Ewo/1CO/1CO_001/1CO_001_011.wav,a babedzan bod ya ndabod kloe bengamana ma kad na mibele bitom a mina mina we
/content/drive/MyDrive/Clean_filtered_Ewo/1CO/1CO_001/1CO_001_012.wav,makobo adzo di amu mod ose ya abe mina adzo na ma mene a ngam paulus ma e nyi apollos ma e nyi kefas ma e nyi kristus
/content/drive/MyDrive/Clean_filtered_Ewo/1CO/1CO_001/1CO_001_015.wav,na mod aza ke dzo hala na mingaduuban a dzoe dama
/content/drive/MyDrive/Clean_filtered_Ewo/1CO/1CO_001/1CO_001_013.wav,ye kristus ane nkaban ngam ngam nga ye paulus nye fe angawu asu dan ye a dzoe paulus ki ngo mingaduuban nga
/content/drive/MyDrive/Clean_filtered_Ewo/1CO/1CO_001/1CO_001_014.wav,makan zamba na mandzeki du to mbog ya abe mina sesala he krispus ban gaius
/content/drive/MyDrive/Clean_filtered_Ewo/1CO/1CO_001/1CO_001_016.wav,mengadu fe ndabod stefanas mayem ki na mengadu mod mfe alodo nala
/content/drive/MyDrive/Clean_filtered_Ewo/1CO/1CO_001/1CO_001_017.wav,amu kristus andzeki ma lom na medu angalom ma na meyedan mbembe foe se hm ki ai feg nkobo na klos kristus eza bo a zeze
/content/drive/MyDrive/Clean_filtered_Ewo/1CO/1CO_001/1CO_001_018.wav,amu ane hm na asu bod ya ndzan ebug klos ene nkobo akud etoa hm ngul zamba asu bia ya bine nkodan
/content/drive/MyDrive/Clean_filtered_Ewo/1CO/1CO_001/1CO_001_019.wav,amu ane ntilan na mayi dzee feg mimfefeg mesole aken minkeken
/content/drive/MyDrive/Clean_filtered_Ewo/1CO/1CO_001/1CO_001_020.wav,mfefeg one hm ve nsana bekalara ane ve mod mimfed ya e ndon nyi ane ve zamba andze ya venan feg ya e si nyi akud a
/content/drive/MyDrive/Clean_filtered_Ewo/1CO/1CO_001/1CO_001_021.wav,amu mbol ya sindon ai feg dzaban bandzeki yem zamba a feg dzie ndo zamba angayen do mben na akode e bod bayebe ai akud foe bayedan di
/content/drive/MyDrive/Clean_filtered_Ewo/1CO/1CO_001/1CO_001_022.wav,mbol yuden basili mesimba grek bedzene feg
/content/drive/MyDrive/Clean_filtered_Ewo/1CO/1CO_001/1CO_001_023.wav,bia ha biyedegan kristus ya angabomban a klos nala ontoa dzanafege asu yuden akud adzo asu grek
/content/drive/MyDrive/Clean_filtered_Ewo/1CO/1CO_001/1CO_001_026.wav,a babedzan taman hm yen nloe waan na tege ai abui mimfefeg e kan mod ayen tege ai abui mingungul tege ai mintomba
/content/drive/MyDrive/Clean_filtered_Ewo/1CO/1CO_001/1CO_001_024.wav,dzam da asu e ba bengaloeban to yuden to grek kristus ane ngul zamba ai feg zamba
/content/drive/MyDrive/Clean_filtered_Ewo/1CO/1CO_001/1CO_001_025.wav,amu akud zamba lalod feg bod ntegan woe olodo ngul bod
/content/drive/MyDrive/Clean_filtered_Ewo/1CO/1CO_001/1CO_001_028.wav,zamba atobo e dzi ene dzedzaa ai e dzi babyandi a si mu e dzi balan ki a tan asu ye na asole e dzi balan a tan
/content/drive/MyDrive/Clean_filtered_Ewo/1CO/1CO_001/1CO_001_027.wav,dzam da ndo zamba angatob akud ya sindon asu ye na asama mimfefeg atobo e dzi ene ateg a sindon asu ye na asama mingungul
/content/drive/MyDrive/Clean_filtered_Ewo/1CO/1CO_001/1CO_001_029.wav,asu ye na te mod zin abo engun a mis me zamba
/content/drive/MyDrive/Clean_filtered_Ewo/1CO/1CO_001/1CO_001_030.wav,nnye abo na mitobo abe kristus yesus ya ane bia e feg yaso abe zamba mekyebe ai mfuban ai akode
/content/drive/MyDrive/Clean_filtered_Ewo/1CO/1CO_001/1CO_001_031.wav,asu ye na akyae ane ntilan na e mod abo engun aboo engun a be nti
/content/drive/MyDrive/Clean_filtered_Ewo/1CO/1CO_002/1CO_002_001.wav,a babedzan eyon mengaso abe mina mandzeki mina son yedan ndimba zamba ai abui aben bibug nge feg
/content/drive/MyDrive/Clean_filtered_Ewo/1CO/1CO_002/1CO_002_002.wav,amu mengayili na mayi ki yem dzom efe abe mina he e yesus kristus bengabomolo a klos
/content/drive/MyDrive/Clean_filtered_Ewo/1CO/1CO_002/1CO_002_004.wav,ndo nkobo wama ai foe dzama bingabe ki minkobo beyem bingabe nkobo nsisim ai ngul
/content/drive/MyDrive/Clean_filtered_Ewo/1CO/1CO_002/1CO_002_003.wav,mfag wama mengaso abe mina metoa ntegan mekono won menyaman fe abui
/content/drive/MyDrive/Clean_filtered_Ewo/1CO/1CO_002/1CO_002_006.wav,biakobo mam me feg ai e bod bewolobo ya se ki feg ya e sindon nyi nge ki e nyi e bod be ndon badzoe e sindon nyi
/content/drive/MyDrive/Clean_filtered_Ewo/1CO/1CO_002/1CO_002_005.wav,asu ye na te nyebe waan wabo a feg bod obo he ngul zamba
/content/drive/MyDrive/Clean_filtered_Ewo/1CO/1CO_002/1CO_002_007.wav,dzam da biakobo feg zamba ya engabe esolo a ndimba e nyi ya zamba angatele ya okoba asu duma daan
/content/drive/MyDrive/Clean_filtered_Ewo/1CO/1CO_002/1CO_002_008.wav,e nyi ya to mod zin mbog ya bedzoe be e si nyi andzeki yem amu nge beyem nge bandzeki bome nti a klos
/content/drive/MyDrive/Clean_filtered_Ewo/1CO/1CO_002/1CO_002_009.wav,dzam da he mbol ane ntilan na e mam ya dis andzeki yen alo te wog e dzi yabe ki lod mod a nlo e bi ya zamba angakomezan e ba badin nye
/content/drive/MyDrive/Clean_filtered_Ewo/1CO/1CO_002/1CO_002_010.wav,mina hm zamba angakuli mo abe nsisim amu nsisim wason dzom ese to mam me ndimba me zamba
/content/drive/MyDrive/Clean_filtered_Ewo/1CO/1CO_002/1CO_002_011.wav,za modo ayem mam me mod se na nsisim mod one nye a nyol nala ngo hm fe mod ayeyem mam me zamba he nsisim zamba ngo wayem mo
/content/drive/MyDrive/Clean_filtered_Ewo/1CO/1CO_002/1CO_002_012.wav,mfag waan biandzeki non nsisim sindon nsisim waso abe zamba ngo bingabi asu ye na biyem e mam ya zamba ave bia a akab
/content/drive/MyDrive/Clean_filtered_Ewo/1CO/1CO_002/1CO_002_013.wav,mam mete mmo fe biakobo se hm ki ai e bibug ya feg mod yayegele biakobo mo he ai e bibug nsisim wayegele bitimini e bod bawoge ai nsisim mam me nsisim
/content/drive/MyDrive/Clean_filtered_Ewo/1CO/1CO_002/1CO_002_014.wav,e mod ane mod si anon ki mam me nsisim zamba amu mene mam me akud asu die ndo fe aseki mo dzam yem amu bawog mo he a nsisim
/content/drive/MyDrive/Clean_filtered_Ewo/1CO/1CO_002/1CO_002_015.wav,e mod ya nsisim awog mese tege ai e mod ane nye dzam tsas
/content/drive/MyDrive/Clean_filtered_Ewo/1CO/1CO_002/1CO_002_016.wav,amu za angayem ya ntsogan nti na ave nye melebega mfag waan bibele ntsogan kristus
/content/drive/MyDrive/Clean_filtered_Ewo/1CO/1CO_003/1CO_003_001.wav,a babedzan mfag wama mengabe ki dzam kobo ai mina ane e bod ya nsisim makobo ai mina ane bod be si ane ban bongo abe kristus
/content/drive/MyDrive/Clean_filtered_Ewo/1CO/1CO_003/1CO_003_002.wav,menganyuu mina menyan se ki e bidi biwon ya amu mina mingabe ki mibele ngul te to etoa dzi ben miabele ki ngul te
/content/drive/MyDrive/Clean_filtered_Ewo/1CO/1CO_003/1CO_003_003.wav,amu mingene bod be nyol amu ntye ya zuna ai esunu minkon bingene a zan dzaan nga mingene bod be nyol miwulugu fe he ane bod batsog
/content/drive/MyDrive/Clean_filtered_Ewo/1CO/1CO_003/1CO_003_004.wav,amu eyon mod adzo na ma mawoge ai paulus e nyo mbog nye na ma mene ai apollos miase he bod be nyol a
/content/drive/MyDrive/Clean_filtered_Ewo/1CO/1CO_003/1CO_003_005.wav,apollos nnye ane dze paulus ki nnye ane dze bene bebobisye ya bengave mina nyebe ane mod akyae ya nti angave nye
/content/drive/MyDrive/Clean_filtered_Ewo/1CO/1CO_003/1CO_003_008.wav,e mod abe ai e nyo awodan bene dzom dzia dzam da mod ose ya abe bo ayi bi maan moe akyae angasye
/content/drive/MyDrive/Clean_filtered_Ewo/1CO/1CO_003/1CO_003_006.wav,ma mengabe apollos awodan mendim dzam da zamba nnye angabo na enan
/content/drive/MyDrive/Clean_filtered_Ewo/1CO/1CO_003/1CO_003_007.wav,antoa hm na e mod abe aseki dzom zin to e nyo awodan he e zamba ya abo na enan nnye ane mfan
/content/drive/MyDrive/Clean_filtered_Ewo/1CO/1CO_003/1CO_003_009.wav,amu biasye fufulu ai zamba mina mine afub zamba ai ndazamba
/content/drive/MyDrive/Clean_filtered_Ewo/1CO/1CO_003/1CO_003_010.wav,ai e maa zamba bengave ma ndo mengamana fag bibe metari melon ane mfefeg nlonomenda mod mfe angazu ke ai melon osu mod ose abo okala akyae abo melon
/content/drive/MyDrive/Clean_filtered_Ewo/1CO/1CO_003/1CO_003_011.wav,mod aseki dzam tele tin mfim zin fe alodo ane e nyi entele ya ndzo hm ene yesus kristus
/content/drive/MyDrive/Clean_filtered_Ewo/1CO/1CO_003/1CO_003_012.wav,nge mod zin abo melon a tin mfim mvod nge silba ai mekog me moni ai bile ai zam nge bisie
/content/drive/MyDrive/Clean_filtered_Ewo/1CO/1CO_003/1CO_003_013.wav,esye mod ose yayi kui a ngeen amu biayi kuban a ndoan amu e kan ese esye mod ene ndoan yayi dzo fial
/content/drive/MyDrive/Clean_filtered_Ewo/1CO/1CO_003/1CO_003_014.wav,nge esye zin ya mod abo melon elanan etoa ayi bele maan
/content/drive/MyDrive/Clean_filtered_Ewo/1CO/1CO_003/1CO_003_015.wav,nge esye mod emana dig ayi dzee dzam da nye emen akodeban ane e mod ahe lod a ndoan a zan
/content/drive/MyDrive/Clean_filtered_Ewo/1CO/1CO_003/1CO_003_016.wav,nga miayem na mine tempel zamba ai na nsisim zamba otoa abe mina
/content/drive/MyDrive/Clean_filtered_Ewo/1CO/1CO_003/1CO_003_017.wav,nge mod ahe ndaman tempel zamba zamba nye andaman fe nye amu tempel zamba ane mfufub mina hm mine nye
/content/drive/MyDrive/Clean_filtered_Ewo/1CO/1CO_003/1CO_003_018.wav,te mod zin adug emen nge mod zin atsog na ane feg abe mina hala e sindon nyi aboo akud asu ye na azu bo mfefeg
/content/drive/MyDrive/Clean_filtered_Ewo/1CO/1CO_003/1CO_003_021.wav,ndo hm te mod abo engun a bod amu dzom ese yawoge ai mina
/content/drive/MyDrive/Clean_filtered_Ewo/1CO/1CO_003/1CO_003_019.wav,amu feg ya e si nyi ene akud a mis me zamba amu ane ntilan na abad mimfefeg meken maban
/content/drive/MyDrive/Clean_filtered_Ewo/1CO/1CO_003/1CO_003_020.wav,ai na nti ayem mintsogan mimfefeg na mine zeze
/content/drive/MyDrive/Clean_filtered_Ewo/1CO/1CO_003/1CO_003_022.wav,to paulus to apollos to kefas to sindon to enyin to awu to e mam ya etoa dzi to e ma mazu bise biawoge ai mina
/content/drive/MyDrive/Clean_filtered_Ewo/1CO/1CO_003/1CO_003_023.wav,mina miawoge ai kristus kristus awoge ai zamba
/content/drive/MyDrive/Clean_filtered_Ewo/1CO/1CO_004/1CO_004_002.wav,abadan afedan fe na bod bayi na bezu kob nkalabyem atoa mod afidi
/content/drive/MyDrive/Clean_filtered_Ewo/1CO/1CO_004/1CO_004_001.wav,asu te bod bayean bia nonan e besye be kristus ai bebaala be ndimba mam me zamba
/content/drive/MyDrive/Clean_filtered_Ewo/1CO/1CO_004/1CO_004_003.wav,mabisi ki to tsetsat na miatsas ma nge na amos bod batsig ntol one to mamen maseki dzam tsig mamen ntol
/content/drive/MyDrive/Clean_filtered_Ewo/1CO/1CO_004/1CO_004_004.wav,dzom zin yakobolo ki ma a nnem dzam da nala watyan ki na mekyebe ya a nkat he da nti nye atsig ma ntol
/content/drive/MyDrive/Clean_filtered_Ewo/1CO/1CO_004/1CO_004_007.wav,za akad wa na waseki ane e bod bevog dze obele a bandzeki wa ve ndo hm nge bengave wa dze wabo engun ane bandzeki wa ve
/content/drive/MyDrive/Clean_filtered_Ewo/1CO/1CO_004/1CO_004_005.wav,asu te te miatam tsig ntol zin ntye nti abeki so nnye ayi fye e byem bisolo a dibi akuli minyian ya minnem a ngeen abog te zamba ayi taman mod ose
/content/drive/MyDrive/Clean_filtered_Ewo/1CO/1CO_004/1CO_004_008.wav,mimana ya dzie mimana ya bo minkukuma mivenan ya bedzoe tege ai bia nge mitoa ki te dzam bo bedzoe bete mfan a n a asu ye na bidzoe ai mina fufulu
/content/drive/MyDrive/Clean_filtered_Ewo/1CO/1CO_004/1CO_004_006.wav,a babedzan mehe veg e mam ma a nyol dzama ai e nyi apollos asu daan asu ye na miyege na obe dan e dzi ene ntilan asu ye na te mod adana ke lede emen alodo e nyo mbog
/content/drive/MyDrive/Clean_filtered_Ewo/1CO/1CO_004/1CO_004_009.wav,amu matsog na zamba angatele bia apostel be mvua ane e ba bake a awu amu bingavenan ya ekege asu sindon ai bengles ai bod
/content/drive/MyDrive/Clean_filtered_Ewo/1CO/1CO_004/1CO_004_010.wav,bia bine mekud asu kristus mina mitoa mimfefeg abe kristus bia bine ndeteg bod mina biwolo mina ha mimfan mi bod bia zeze bod
/content/drive/MyDrive/Clean_filtered_Ewo/1CO/1CO_004/1CO_004_011.wav,azaag kui etoa dzi biawog zie biwogo ekode bitoa minso beyidi bia bikele ai dulu osu he nkean
/content/drive/MyDrive/Clean_filtered_Ewo/1CO/1CO_004/1CO_004_012.wav,ndo biawu esye bisye ai mo maan eyon bakag bia bia bikubu bo ntotomamaa befeme bia bidzibigi
/content/drive/MyDrive/Clean_filtered_Ewo/1CO/1CO_004/1CO_004_013.wav,bebugu bia medzo bia bitaman bo bingabo ya te ane ngun ya si bine he bile bibugi a mvuan azaag kui ana
/content/drive/MyDrive/Clean_filtered_Ewo/1CO/1CO_004/1CO_004_016.wav,ndo hm makogelan ai mina byean mvulna dzama
/content/drive/MyDrive/Clean_filtered_Ewo/1CO/1CO_004/1CO_004_014.wav,se ki asu ye na mekub mina osama a nlo ngo matil e mam ma dzam da mabeme mina ane bon bama ya madin
/content/drive/MyDrive/Clean_filtered_Ewo/1CO/1CO_004/1CO_004_015.wav,amu to ane mibele nted beyegele abe kristus miabele ki abui be esya amu mengabye mina abe kristus yesus ai mbembe foe
/content/drive/MyDrive/Clean_filtered_Ewo/1CO/1CO_004/1CO_004_017.wav,asu te malom mina timoteus ane ndindin mon afidi wama abe nti nnye ayi mina dugan tsog mezen mama abe kristus yesus akyae mayegele hom ose a ndazamba ese
/content/drive/MyDrive/Clean_filtered_Ewo/1CO/1CO_004/1CO_004_019.wav,mayi so abe mina mbil mbil nge nti adin ndo mayi yem ngul e bod be ebyandi ba se ki he a nkobo
/content/drive/MyDrive/Clean_filtered_Ewo/1CO/1CO_004/1CO_004_018.wav,abui bod babede beben he ane mayi ki bada son a be mina
/content/drive/MyDrive/Clean_filtered_Ewo/1CO/1CO_004/1CO_004_021.wav,dze hm miayi ye mezu ai nkas ye mezu ai nnem edin a i evovoe
/content/drive/MyDrive/Clean_filtered_Ewo/1CO/1CO_004/1CO_004_020.wav,amu edzoe zamba eseki a nkobo ene a ngul
/content/drive/MyDrive/Clean_filtered_Ewo/1CO/1CO_005/1CO_005_001.wav,badzo dzo na bisog bine abe mina e kan bisog ese se ki a zan behaiden na mod zin atoa ai mininga esya
/content/drive/MyDrive/Clean_filtered_Ewo/1CO/1CO_005/1CO_005_002.wav,ndo mine he engun nga miayean bo meyeb asu ye na e mod ahe bo dzam te akodo abe mina
/content/drive/MyDrive/Clean_filtered_Ewo/1CO/1CO_005/1CO_005_003.wav,mfag wama mene mo mo a nyol metoa ai mina a nsisim ndo metsig ya adzo e mod ahe bo do he ane mene we
/content/drive/MyDrive/Clean_filtered_Ewo/1CO/1CO_005/1CO_005_004.wav,boan ekoan a dzoe nti waan yesus ma mene ai mina a nsisim ai ngul nti waan yesus
/content/drive/MyDrive/Clean_filtered_Ewo/1CO/1CO_005/1CO_005_005.wav,bikab mod te abe satan na nyol dzie endaman asu ye na nsisim woe okodeban a amos nti
/content/drive/MyDrive/Clean_filtered_Ewo/1CO/1CO_005/1CO_005_008.wav,te biadzeme hm abog ai nnomo ekosan nge mbe ekosan nge e dzi metom ndzemenan abog ai bembanela ya baseki ai ekosan a bene mfuban ai bebela
/content/drive/MyDrive/Clean_filtered_Ewo/1CO/1CO_005/1CO_005_006.wav,engun dzaan eseki mben nga miayem na man ekosan tsetsat nnye abo na ovug omana vus
/content/drive/MyDrive/Clean_filtered_Ewo/1CO/1CO_005/1CO_005_007.wav,woan nnomo ekosan a fye asu ye na mibo mkpaman ovug mbol mine tege ai ekosan amu ntomba paska waan kristus otsigeban ya
/content/drive/MyDrive/Clean_filtered_Ewo/1CO/1CO_005/1CO_005_009.wav,mengatil ya mina a kalara na te miabaman ai bod bisog
/content/drive/MyDrive/Clean_filtered_Ewo/1CO/1CO_005/1CO_005_010.wav,nala ombe tyan ki na e bebe be bod ya sindon mu to mindondog to e ba bene akoe to e ba balugu bezeze bezamba nala ontoa he ane miayean kodo a sindon
/content/drive/MyDrive/Clean_filtered_Ewo/1CO/1CO_005/1CO_005_011.wav,mengatil na te miabaman fufulu nge mod zin adzo na ane manyon he da atoa mod bisog nge ndog aluugu bezeze bezamba mod bifofodan nge nsogo meyog nge akoe te miadidi ai akyae te fufulu
/content/drive/MyDrive/Clean_filtered_Ewo/1CO/1CO_005/1CO_005_012.wav,a dze miayi ke tsig e bod ya nsen ntol se bod ya nda ete mbo miatsig ntol a
/content/drive/MyDrive/Clean_filtered_Ewo/1CO/1CO_005/1CO_005_013.wav,e ba ya nsen zamba ayi bo tsig ntol tsidan mbe mod a zan dzaan
/content/drive/MyDrive/Clean_filtered_Ewo/1CO/1CO_006/1CO_006_001.wav,dze ye na mod zin abele bo na abele adzo ai e nyo mbog angake do kobo a mis behaiden aligi do kobo a mis mimfufub nga
/content/drive/MyDrive/Clean_filtered_Ewo/1CO/1CO_006/1CO_006_002.wav,nga miayem na mimfufub miayi tsig ntol sindon ndo hm nge mina miayi tsig ntol sindon mina tege ai e ngul miatsig ban medzo nga
/content/drive/MyDrive/Clean_filtered_Ewo/1CO/1CO_006/1CO_006_003.wav,nga miayem na miayi tsig bengles ntol make dzo e ban mam ba
/content/drive/MyDrive/Clean_filtered_Ewo/1CO/1CO_006/1CO_006_004.wav,eyon mibele akyae ban medzo di ye miatele e bod bene tege ai ndon a ndazamba na mbo betsig ntol te
/content/drive/MyDrive/Clean_filtered_Ewo/1CO/1CO_006/1CO_006_005.wav,makobo adzo di na miwog oson ye nala one na mfefeg zin oseki abe mina a one dzam tsig adzo a zan mod ban manyan
/content/drive/MyDrive/Clean_filtered_Ewo/1CO/1CO_006/1CO_006_006.wav,ndo hm di manyan ban manyan bengatsigeban medzo a mis behaiden nga
/content/drive/MyDrive/Clean_filtered_Ewo/1CO/1CO_006/1CO_006_010.wav,to minwuwub to mindondog to besog meyog to bod bifofodan to minkokoe bayi ki bi ngab edzoe zamba
/content/drive/MyDrive/Clean_filtered_Ewo/1CO/1CO_006/1CO_006_008.wav,nga mina beben miabo fe babenyona be mifadigi bo byem
/content/drive/MyDrive/Clean_filtered_Ewo/1CO/1CO_006/1CO_006_007.wav,ke ane dzam oson ben na mibele dzam mesoman a zan dzaan a nga mine dzoge na bebo mina abe nga mine dzoge na befadi mina byem
/content/drive/MyDrive/Clean_filtered_Ewo/1CO/1CO_006/1CO_006_009.wav,ye na miayegan na bod be abe bayi ki bi ngabelig edzoe zamba te miatobo a ndimi hala to bod bisog to belugu bezeze bezamba to bod be ngobinda to e fam yaboman bo bo to e bininga baboman bo bo
/content/drive/MyDrive/Clean_filtered_Ewo/1CO/1CO_006/1CO_006_011.wav,nala ngo bevog ya abe mina bengabe ndo mingawoboban ya mintoa mimfufub mikyebe a nkat a dzoe nti yesus kristus ai abe nsisim zamba waan
/content/drive/MyDrive/Clean_filtered_Ewo/1CO/1CO_006/1CO_006_012.wav,mene dzam bo mam mese dzam da mese maseki ai ma mfi mene dzam bo mese ndo dzom zin yadzoe ki ma
/content/drive/MyDrive/Clean_filtered_Ewo/1CO/1CO_006/1CO_006_015.wav,nga miayem na nyol dzaan ene bidzo bi kristus ndo hm ye menon bidzo bi kristus mebo na bibo bidzo bi mininga ebamba tege ai dzom
/content/drive/MyDrive/Clean_filtered_Ewo/1CO/1CO_006/1CO_006_013.wav,bidi biawoge ai osan osan otoa asu abum ndo zamba ayi ndaman e dzi andaman fe e dzi evog nyol yawoge ki ai bisog yawoge ai nti nti atoa asu nyol
/content/drive/MyDrive/Clean_filtered_Ewo/1CO/1CO_006/1CO_006_014.wav,zamba angavele nti a son ndo fe ayi bia kuli nala ai ngul dzie
/content/drive/MyDrive/Clean_filtered_Ewo/1CO/1CO_006/1CO_006_016.wav,nga miayem na e mod ake bie mininga ebamba ane ai nye nyol dzia adzo hm na bo bebe bayi bo nyol dzia
/content/drive/MyDrive/Clean_filtered_Ewo/1CO/1CO_006/1CO_006_018.wav,tuban bisog nsem ose mfe mod abo abo ki wo a nyol dzie e mod abo bisog asem a nyol dzie eben
/content/drive/MyDrive/Clean_filtered_Ewo/1CO/1CO_006/1CO_006_020.wav,bengakus mina abui moni vaan hm zamba duma a nyol dzan
/content/drive/MyDrive/Clean_filtered_Ewo/1CO/1CO_006/1CO_006_019.wav,nga miayem na nyol dzaan ene tempel mfufub nsisim ya atoa abe mina a zamba angave mina ndo miawoge ki ai mina beben
/content/drive/MyDrive/Clean_filtered_Ewo/1CO/1CO_007/1CO_007_004.wav,mininga abele ki fe edzoe a nyol dzie emen he fam fo dzam deda fe fam ebele ki fe edzoe a nyol dzie he mininga fo
/content/drive/MyDrive/Clean_filtered_Ewo/1CO/1CO_007/1CO_007_001.wav,asu e mam hm mingatil ma ane mben na fam etobo te namba mininga
/content/drive/MyDrive/Clean_filtered_Ewo/1CO/1CO_007/1CO_007_002.wav,etom adzo bisog te ndo mod ose ayean bi e mininga woe mininga ose abelege e fam dzie
/content/drive/MyDrive/Clean_filtered_Ewo/1CO/1CO_007/1CO_007_005.wav,ndo hm te miabenan a enon nge aseki na mihe kui do kina su ban melu asu ye na mibi abog asu ngogelan midugan hm tobo fufulu na satan azaa bobolo mina etom ya na miayem ki ban nnem
/content/drive/MyDrive/Clean_filtered_Ewo/1CO/1CO_007/1CO_007_006.wav,madzo adzo di na mave mina ngul se ki mvende
/content/drive/MyDrive/Clean_filtered_Ewo/1CO/1CO_007/1CO_007_007.wav,amu matam na bod bese bebo ane ma dzam da mod ose abele efae akab zamba ave nye e nyo e kan nyi e nyo e kan fog
/content/drive/MyDrive/Clean_filtered_Ewo/1CO/1CO_007/1CO_007_008.wav,madzo ai minkoe ai minkus na ane mben abui na betobo ane ma
/content/drive/MyDrive/Clean_filtered_Ewo/1CO/1CO_007/1CO_007_011.wav,nge ahe ke tsaman atobogo nkoe nge ki na adugan lad ai nnom ndo fe te nnom atsidan ngal
/content/drive/MyDrive/Clean_filtered_Ewo/1CO/1CO_007/1CO_007_009.wav,nge baseki dzam ban nnem belugu amu ane mben abui na olug alodo ane wadig ai ngon
/content/drive/MyDrive/Clean_filtered_Ewo/1CO/1CO_007/1CO_007_012.wav,e bod bevog ma makobo ai bo se ki nti nge madzan zin abele mininga ngon haiden mininga te ayebe na atobo ai nye fufulu te asoe nye
/content/drive/MyDrive/Clean_filtered_Ewo/1CO/1CO_007/1CO_007_010.wav,mabende e ba ya bengalug ya se ki hm ma nti nnye abende te mininga atsaman ai nnom
/content/drive/MyDrive/Clean_filtered_Ewo/1CO/1CO_007/1CO_007_013.wav,ndo fe nge mininga zin abele nnom ane haiden nye fe ayebe na atobo ai nye fufulu te asoe nnom te
/content/drive/MyDrive/Clean_filtered_Ewo/1CO/1CO_007/1CO_007_014.wav,amu nnom ane haiden nyo amana fubu emen abe ngal e mininga haiden amana fubu emen abe madzan nge atoa tege ai nala bon baan bentoa tege ai bo mfuban ndo hm bo bene mfuban
/content/drive/MyDrive/Clean_filtered_Ewo/1CO/1CO_007/1CO_007_016.wav,a mininga wayem a dze nge wayi kode nyo nnom a fam wayem a dze nge wayi kode nyo ngal
/content/drive/MyDrive/Clean_filtered_Ewo/1CO/1CO_007/1CO_007_015.wav,nge man haiden ayi na atsam alug akeleg madzan nge kal dzaan zin atii ki a mvende eyon te zamba angaloe mina a mvoe
/content/drive/MyDrive/Clean_filtered_Ewo/1CO/1CO_007/1CO_007_017.wav,ndo mod ose awulugu e kan zamba angave nye ngab ai e kan zamba angaloe nye nala ngo fe mabende a menda me zamba mese
/content/drive/MyDrive/Clean_filtered_Ewo/1CO/1CO_007/1CO_007_018.wav,nge mod zinan galoeban hala antoa ya nkeban te asole akele te nge mod zinan galoeban abe ki keleban te akeleban
/content/drive/MyDrive/Clean_filtered_Ewo/1CO/1CO_007/1CO_007_019.wav,adzo ye na mod ane nkeban ndo aseki nkeban aseki dzam he mbaalan memvende me zamba ngo one ai mfi
/content/drive/MyDrive/Clean_filtered_Ewo/1CO/1CO_007/1CO_007_020.wav,mod ose atobogo a nloe ya angaloeban
/content/drive/MyDrive/Clean_filtered_Ewo/1CO/1CO_007/1CO_007_021.wav,nge ongaloeban otoa olo te nala waandegele wa he da nge obele ngul ya abo fili obo do
/content/drive/MyDrive/Clean_filtered_Ewo/1CO/1CO_007/1CO_007_024.wav,mod ose atobogo a mis me zamba e hom angabe eyon bengaloe nye a babedzan
/content/drive/MyDrive/Clean_filtered_Ewo/1CO/1CO_007/1CO_007_022.wav,amu e man olo bengaloe abe nti ane fili mod nti dzam deda e fili mod bengaloe ene olo kristus
/content/drive/MyDrive/Clean_filtered_Ewo/1CO/1CO_007/1CO_007_023.wav,bengakus mina tan a yob abui te miabo olo bod
/content/drive/MyDrive/Clean_filtered_Ewo/1CO/1CO_007/1CO_007_026.wav,matsog na a etye nget bitele dzi ane mben na mod atobo nala
/content/drive/MyDrive/Clean_filtered_Ewo/1CO/1CO_007/1CO_007_025.wav,asu mintud mi bininga mabele ki nguma mvende nti zin dzam da makad mina akyae ya matsog ane e mod afidi ya zamba ayene ngol
/content/drive/MyDrive/Clean_filtered_Ewo/1CO/1CO_007/1CO_007_029.wav,a babedzan madzo na abog antoa ya etun ndo hm atarigi ana e bod bebele bininga beboog ane babele ki
/content/drive/MyDrive/Clean_filtered_Ewo/1CO/1CO_007/1CO_007_028.wav,nge walug wasem ki nge ntud ngon mininga olug wasem ki e bala bete bebele he mindzug ya nyol ndo madzen na misaala mie
/content/drive/MyDrive/Clean_filtered_Ewo/1CO/1CO_007/1CO_007_030.wav,e ba bayon he ane bayon ki e ba batag he ane batag ki e ba bakus he ane babele ki
/content/drive/MyDrive/Clean_filtered_Ewo/1CO/1CO_007/1CO_007_031.wav,e ba babelan ai sindon he ane babelan ki ai dzo amu e sindon nyi yamana lod
/content/drive/MyDrive/Clean_filtered_Ewo/1CO/1CO_007/1CO_007_032.wav,mayi na mibo tege sanan nkoe wasanan ai mam me nti akyae ya ane dzam nyeb nti a nnem
/content/drive/MyDrive/Clean_filtered_Ewo/1CO/1CO_007/1CO_007_033.wav,nlugu asanan ai mam me si akyae ane dzam nyeb ngal a nnem
/content/drive/MyDrive/Clean_filtered_Ewo/1CO/1CO_007/1CO_007_034.wav,antoa hm nkaban a zan ndo fe nkoe mininga ai ntud ngon mininga wasanan ai mam me nti asu ye na abo mfufub a nyol ai a nsisim e mininga ane nlugan asanan ai mam me si akyae ya ane dzam nyeb nnom a nnem
/content/drive/MyDrive/Clean_filtered_Ewo/1CO/1CO_007/1CO_007_036.wav,nge mod zin ayen na abo ntud ngon mininga woe abe nge adzo te lalod nye nkon ai na layean boban aboog akyae adin asem ki beluugan
/content/drive/MyDrive/Clean_filtered_Ewo/1CO/1CO_007/1CO_007_035.wav,makobo adzo di asu mfi waan se ki na mekol mina olam he asu ye na asu nti mibo dzin bod be afidi tege bebe a mgbag
/content/drive/MyDrive/Clean_filtered_Ewo/1CO/1CO_007/1CO_007_038.wav,antoa hm na e mod alug ntud ngon mininga abo mben e nyo alug ki nye abulu bo mben
/content/drive/MyDrive/Clean_filtered_Ewo/1CO/1CO_007/1CO_007_037.wav,e mod ki aban nnem woe tege ai meyanan abana nyian woe ayene fe a nnem woe na abo mben na abaala ntud ngon mininga nala abo mben
/content/drive/MyDrive/Clean_filtered_Ewo/1CO/1CO_007/1CO_007_039.wav,mininga ane nlugan ntye nnom atala nge nnom awu ane fili na alug e mod adin dzam da a dzoe nti
/content/drive/MyDrive/Clean_filtered_Ewo/1CO/1CO_007/1CO_007_040.wav,dzam da ane mvom abui nge akanga nala nala ngo mayen matsog hm te fe na mebele nsisim zamba
/content/drive/MyDrive/Clean_filtered_Ewo/1CO/1CO_008/1CO_008_002.wav,nge mod zin atsog na ayem dzom zin nala watyan na abe ki yem akyae ayean yem
/content/drive/MyDrive/Clean_filtered_Ewo/1CO/1CO_008/1CO_008_001.wav,mfag e tsit behe tsig bezeze bezamba biayem na bia bese bibele nyeman nyeman wadug bia edin ndzo yawone bia bia
/content/drive/MyDrive/Clean_filtered_Ewo/1CO/1CO_008/1CO_008_003.wav,nge mod zin adin zamba zamba ayem mod te
/content/drive/MyDrive/Clean_filtered_Ewo/1CO/1CO_008/1CO_008_005.wav,afyanan bo na baloe bezamba to a yob to a si mbol bezamba bene abui beti fe abui
/content/drive/MyDrive/Clean_filtered_Ewo/1CO/1CO_008/1CO_008_004.wav,adzo ye na mod adi e tsit betsig bezamba biayem na bezamba baseki a sindon ai na zamba ane he mbog mbog
/content/drive/MyDrive/Clean_filtered_Ewo/1CO/1CO_008/1CO_008_006.wav,asu daan zamba ane he mbog esya ya dzom ese yatye abe nye bia bitoa fe asu die nti yesus kristus ane mbog byem bise bine a dzoe die bia fe he a dzoe die
/content/drive/MyDrive/Clean_filtered_Ewo/1CO/1CO_008/1CO_008_007.wav,ndo mod ose abele ki nyeman hi bevog bala bengamana yeman ai bezamba bengadi he ane batuni bezamba bete ndo mbol sosoo waban ane ntegan bengazu ai bo eboe
/content/drive/MyDrive/Clean_filtered_Ewo/1CO/1CO_008/1CO_008_008.wav,se ki bidi mbie biake ai bia abe zamba to ki na bibo te di biayi dzee nge bihe di biayi bi mfi
/content/drive/MyDrive/Clean_filtered_Ewo/1CO/1CO_008/1CO_008_009.wav,boan hm okala na te ngul dzaan yabo ekoliobag asu e ba bengene ntegan
/content/drive/MyDrive/Clean_filtered_Ewo/1CO/1CO_008/1CO_008_010.wav,amu nge behe yen e wa obele nyeman odzaag a nda bezeze bezamba nga sosoo e mod ane ntegan ayi nye ve ngul a nyol na adi tsit bezeze bezamba
/content/drive/MyDrive/Clean_filtered_Ewo/1CO/1CO_008/1CO_008_011.wav,amu otala hm na ndeteg mod ayi dzeeban asu nyeman woe ane hm e manyon ya kristus angawu asu die
/content/drive/MyDrive/Clean_filtered_Ewo/1CO/1CO_008/1CO_008_012.wav,eyon hm miasem a babenyon nala mituligi sosoo waban ya angene ntegan ke miasem abe kristus a
/content/drive/MyDrive/Clean_filtered_Ewo/1CO/1CO_008/1CO_008_013.wav,asu te hm nge bidi biasogolo madzan a nsem mayi ki bad di tsit to eyon asu ye na meza sogolo madzan a nsem
/content/drive/MyDrive/Clean_filtered_Ewo/1CO/1CO_009/1CO_009_001.wav,nga mene fili nga mene man apostel nga mengayen yesus nti waan nga mine woesye wama abe nti
/content/drive/MyDrive/Clean_filtered_Ewo/1CO/1CO_009/1CO_009_002.wav,to maseki man apostel asu e bod bevog mene man apostel asu daan amu mine tiga esye apostel dzama abe nti
/content/drive/MyDrive/Clean_filtered_Ewo/1CO/1CO_009/1CO_009_005.wav,nga bibele ngul ya anon mininga kristen a esamba dzaan ane apostel bevog ai babenyan be nti ai kefas babo
/content/drive/MyDrive/Clean_filtered_Ewo/1CO/1CO_009/1CO_009_003.wav,nkaman makaman ai mamen abe e bod batsag hm ma hi
/content/drive/MyDrive/Clean_filtered_Ewo/1CO/1CO_009/1CO_009_004.wav,nga bibele ngul ya adi ai anyu
/content/drive/MyDrive/Clean_filtered_Ewo/1CO/1CO_009/1CO_009_008.wav,ye makobo e mam ma a nkon mod nga mvende yakobo mam mete
/content/drive/MyDrive/Clean_filtered_Ewo/1CO/1CO_009/1CO_009_006.wav,ye he ma etam ai barnabas bibele ki ngul na te biasye asu enyin dzaan
/content/drive/MyDrive/Clean_filtered_Ewo/1CO/1CO_009/1CO_009_007.wav,za angatam ya bo esye man bezimbi ai moni woe za angawodan ya afub wayn abo te di bibuma ya ete za ki anganoni ya nkunda biyem abo te di e bidi biaso ete
/content/drive/MyDrive/Clean_filtered_Ewo/1CO/1CO_009/1CO_009_009.wav,amu ane ntilan a mvende moses na te waandegele e nyag yabo esye ntosan bibuma ye zamba adan yag ai nyag nga
/content/drive/MyDrive/Clean_filtered_Ewo/1CO/1CO_009/1CO_009_010.wav,se asu daan ndo akobo a amu asu daan ndo bengatil na e mod abe ayean be ai afidi a nnem e nyo atos bibuma abele afidi na ayi bi ngab ete
/content/drive/MyDrive/Clean_filtered_Ewo/1CO/1CO_009/1CO_009_012.wav,nge bod befe bebele ngul ya akaban byem bian ngamena ai bia dzam da biandzeki belan ai ngul te ndo bingadzibi mese asu ye na te biategelan mbembe foe kristus
/content/drive/MyDrive/Clean_filtered_Ewo/1CO/1CO_009/1CO_009_011.wav,nge bingamias mam me nsisim abe mina ye eyen dzam ane ete na bifumi mam me nyol abe mina
/content/drive/MyDrive/Clean_filtered_Ewo/1CO/1CO_009/1CO_009_013.wav,nga miayem na e bod basye a tempel badian ai tempel e ba betoa babi ai alatar bebele ngab a alatar te
/content/drive/MyDrive/Clean_filtered_Ewo/1CO/1CO_009/1CO_009_015.wav,mfag wama mandzeki belan ai e mam mese mala mandzeki til e mam ma asu ye na mam mete meyenan ai ma mazombo wu alodo na engun dzama ebo zeze
/content/drive/MyDrive/Clean_filtered_Ewo/1CO/1CO_009/1CO_009_016.wav,amu nge mayedan mbembe foe engun eseki ma ete amu ane ma enodi amala ai ma nge mayedan ki mbembe foe
/content/drive/MyDrive/Clean_filtered_Ewo/1CO/1CO_009/1CO_009_014.wav,nala ngo hm fe nti angabende na e bod bayedan mbembe foe bedian ai mbembe foe
/content/drive/MyDrive/Clean_filtered_Ewo/1CO/1CO_009/1CO_009_017.wav,amu nge mebo esye te a nyian wama membele ya maan nge mabo hm dzo a enodi bengave ma esye te na mebo
/content/drive/MyDrive/Clean_filtered_Ewo/1CO/1CO_009/1CO_009_018.wav,maan mama mene hm dze mene na eyon makad mbembe foe mekad mbembe foe te tege sili maan asu ye na te mabelan ai ngul dzama a mbembe foe
/content/drive/MyDrive/Clean_filtered_Ewo/1CO/1CO_009/1CO_009_019.wav,amu mene fili ai bod bese ndo mamen masye bod bese asu ye na medudu abui bod
/content/drive/MyDrive/Clean_filtered_Ewo/1CO/1CO_009/1CO_009_022.wav,mengabo ntegan ai e ba bene ntegan asu ye na medudu e ba bene ntegan mengavenan dzom ese asu bod bese asu ye na mekode bod bezin to dze ebo
/content/drive/MyDrive/Clean_filtered_Ewo/1CO/1CO_009/1CO_009_020.wav,menganyin ai yuden ane man yuden asu ye na medudu yuden menyini ai e ba ya edzoe mvende ane ma mene fe a edzoe mvende to ane mamen mengabe ki a edzoe mvende asu ye na medudu e ba ya edzoe mvende
/content/drive/MyDrive/Clean_filtered_Ewo/1CO/1CO_009/1CO_009_021.wav,e ba ya babele ki mvende menyini ai bo ane mabele ki mvende ma mebele te mvende zamba mbol mene a mvende kristus asu ye na medudu e ba babele ki mvende
/content/drive/MyDrive/Clean_filtered_Ewo/1CO/1CO_009/1CO_009_023.wav,mabo mam mese asu mbembe foe asu ye na ma fe menon ngab ete
/content/drive/MyDrive/Clean_filtered_Ewo/1CO/1CO_009/1CO_009_024.wav,nga miayem na a bambara mimbil a nsen bivoe bo bese bambara mbil he mod mbog mbog nnye akele bele kob duma ete nala ngo hm mina fe mimbarega mbil asu ye na mibele maan
/content/drive/MyDrive/Clean_filtered_Ewo/1CO/1CO_009/1CO_009_025.wav,e mod ake mbil nala abaala abui biki na atom nyol bo babo nala asu maan me ndon bia ki asu maan me kole
/content/drive/MyDrive/Clean_filtered_Ewo/1CO/1CO_009/1CO_009_026.wav,etoa dzi hm make ki mbil a zeze ndo fe malum ki bikuda biama a afan
/content/drive/MyDrive/Clean_filtered_Ewo/1CO/1CO_009/1CO_009_027.wav,dzam da matug nyol dzam mfan metibili dzo na meza bo na memana yedan e bod bevog mbembe foe mamen mengaku a nkat
/content/drive/MyDrive/Clean_filtered_Ewo/1CO/1CO_010/1CO_010_001.wav,a babedzan mayi ki na miyegan na betara baan bese bengabe a nkut a si ai na bengadan man
/content/drive/MyDrive/Clean_filtered_Ewo/1CO/1CO_010/1CO_010_002.wav,ndo fe bese bengaduuban a mo me moses a nkut ai a man
/content/drive/MyDrive/Clean_filtered_Ewo/1CO/1CO_010/1CO_010_003.wav,ndo fe bo bese bengadi bidi bi nsisim bite
/content/drive/MyDrive/Clean_filtered_Ewo/1CO/1CO_010/1CO_010_004.wav,ndo fe bo bese benganyu menyu me nsisim mete amu benganyu mendim ya akog atono bo akog te angabe kristus
/content/drive/MyDrive/Clean_filtered_Ewo/1CO/1CO_010/1CO_010_005.wav,dzam da zamba andzeki dan a din a bui ya abe bo amu bengamana dzeban a nkodnnam
/content/drive/MyDrive/Clean_filtered_Ewo/1CO/1CO_010/1CO_010_006.wav,e mam ma mene bia mvulna asu ye na te biayi bebe be mam ane bo bengayi mo a minnem
/content/drive/MyDrive/Clean_filtered_Ewo/1CO/1CO_010/1CO_010_007.wav,te hm mialugu bezeze bezamba ane bevog ya ete akyae ane ntilan na bod bengatobo a si bengadi benyaa fe ndo fe bengatebe a si bentoa he bivoe
/content/drive/MyDrive/Clean_filtered_Ewo/1CO/1CO_010/1CO_010_008.wav,te biabo bisog amu bevog ya abe bo bengabo bisog ndo bengawu a amos mbog mbog bod bakuda mewom mebe ai bele
/content/drive/MyDrive/Clean_filtered_Ewo/1CO/1CO_010/1CO_010_009.wav,te biabobolo kristus akyae ya bevog ya ete bengabobolo ndo nyo engamana bo woe
/content/drive/MyDrive/Clean_filtered_Ewo/1CO/1CO_010/1CO_010_010.wav,te miabo mimfet akyae ya bevog ya ete bengabo mimfet ndo mod endaman angamana bo
/content/drive/MyDrive/Clean_filtered_Ewo/1CO/1CO_010/1CO_010_011.wav,e mam ma mengayenan ai bo ane mvulna bengatil mo na babeme bia mbol memana me si mayi bia kob
/content/drive/MyDrive/Clean_filtered_Ewo/1CO/1CO_010/1CO_010_012.wav,ndo hm e mod atsog na atele aboog okala na abe ku
/content/drive/MyDrive/Clean_filtered_Ewo/1CO/1CO_010/1CO_010_015.wav,makobo ai e bod batsog mina beben tsasan e dzam madzo
/content/drive/MyDrive/Clean_filtered_Ewo/1CO/1CO_010/1CO_010_013.wav,e mebobela mengabi mina mene he e ma me bod zamba ane mod afidi ndo ayi ki dzoge na bebobolo mina alodo ngul dzaan dzam da ayi bo na a mebobela mibele e zen miatub mo
/content/drive/MyDrive/Clean_filtered_Ewo/1CO/1CO_010/1CO_010_014.wav,a mindindin miama asu te hm tuban olugu bezeze bezamba
/content/drive/MyDrive/Clean_filtered_Ewo/1CO/1CO_010/1CO_010_017.wav,abui bod bine di bine nyol dzia amu mbanela ane mbog amu bia bese bianon ngab a mbanela mbog
/content/drive/MyDrive/Clean_filtered_Ewo/1CO/1CO_010/1CO_010_016.wav,e kob maa biafubu nga ene e ngab bianon a meki me kristus mbanela biabeg ase e ngab bianon a nyol kristus a
/content/drive/MyDrive/Clean_filtered_Ewo/1CO/1CO_010/1CO_010_018.wav,fombegan israel ya nyol nga e bod badi metunena banon ngab a alatar
/content/drive/MyDrive/Clean_filtered_Ewo/1CO/1CO_010/1CO_010_019.wav,mayi na madzo ya ye na e bidi biatuni bezeze bezamba bine dze bezeze bezamba betoa ki dze ben
/content/drive/MyDrive/Clean_filtered_Ewo/1CO/1CO_010/1CO_010_020.wav,ma na e byem batuni batuni ki bie zamba batuni bie besatan ndo hm mayi ki na mikalan dzom zin ai besatan
/content/drive/MyDrive/Clean_filtered_Ewo/1CO/1CO_010/1CO_010_021.wav,miaseki dzam bo na minyaa kob nti minyaa fe kob besatan miaseki dzam non ngab a tebele nti ai a tebele besatan
/content/drive/MyDrive/Clean_filtered_Ewo/1CO/1CO_010/1CO_010_022.wav,ye bitsaa nti nga ye bialod nye a ngul nga
/content/drive/MyDrive/Clean_filtered_Ewo/1CO/1CO_010/1CO_010_023.wav,bine dzam bo mam mese dzam da mese maseki ai mfi bine dzam bo mese dzam da se ki mese mmo mawone bia a mbembe enyin
/content/drive/MyDrive/Clean_filtered_Ewo/1CO/1CO_010/1CO_010_026.wav,amu si ai e byem bise ya ete biawoge ai nti
/content/drive/MyDrive/Clean_filtered_Ewo/1CO/1CO_010/1CO_010_025.wav,dzaag e tsit ese miakus a makit tege hm sili minsili asu sosoo nnem
/content/drive/MyDrive/Clean_filtered_Ewo/1CO/1CO_010/1CO_010_028.wav,nge mod ahe dzo ai mina na e tsit nyi ene tsit metunena te miadi asu e mod ahe kad mina ai asu sosoo nnem
/content/drive/MyDrive/Clean_filtered_Ewo/1CO/1CO_010/1CO_010_029.wav,makobo ki adzo sosoo nnem waan mina beben dzam da asu e nyo e mod mbog asu dze hm sosoo mod mfe azu tsig ntol ya fili dzama
/content/drive/MyDrive/Clean_filtered_Ewo/1CO/1CO_010/1CO_010_027.wav,nge man haiden zin abanda mina ndo mibele ngon na miake we dzaan e dzi ese bave mina tege sili minsili etom sosoo nnem
/content/drive/MyDrive/Clean_filtered_Ewo/1CO/1CO_010/1CO_010_030.wav,nge manon ngab a maa eye badzo ma ya asu e dzam makan zamba ete
/content/drive/MyDrive/Clean_filtered_Ewo/1CO/1CO_010/1CO_010_033.wav,akyae ya mamen madzen na menyeb bod bese a nnem a mam mese ma tege dzen e dzi ene ai ma mfi medzene he mfi abui bod asu ye na bekodeban
/content/drive/MyDrive/Clean_filtered_Ewo/1CO/1CO_010/1CO_010_031.wav,to hm miadi to mianyu to miabo za dzomo boan mese asu duma zamba
/content/drive/MyDrive/Clean_filtered_Ewo/1CO/1CO_010/1CO_010_032.wav,te miabo mod zin nnem mintye to yuden to grek to ndazamba
/content/drive/MyDrive/Clean_filtered_Ewo/1CO/1CO_011/1CO_011_001.wav,tonan mvulna dzama ane mabie e nyi kristus
/content/drive/MyDrive/Clean_filtered_Ewo/1CO/1CO_011/1CO_011_002.wav,mataman mina mbol ya miatsog ma a mam mese ndo fe miabaala e metum ya mengakalan mina
/content/drive/MyDrive/Clean_filtered_Ewo/1CO/1CO_011/1CO_011_003.wav,mayi na miyem na kristus ane nlo fam ese fam etoa nlo mininga zamba atoa nlo kristus
/content/drive/MyDrive/Clean_filtered_Ewo/1CO/1CO_011/1CO_011_006.wav,amu nge mininga abod ki ntom atsigi esil nge ane hm oson asu mininga na atsig esil nge ki na asode nlo abodo ntom
/content/drive/MyDrive/Clean_filtered_Ewo/1CO/1CO_011/1CO_011_004.wav,e fam ese yakogelan nge ki na yakobo nkobo profet ebege dzom a nlo ane ntom yabyandi nlo woe
/content/drive/MyDrive/Clean_filtered_Ewo/1CO/1CO_011/1CO_011_005.wav,e mininga ose akogelan nge ki na abo esye profet ai nso nlo abyandi nlo woe ane fo fe dzam deda ane e mininga besode ntui
/content/drive/MyDrive/Clean_filtered_Ewo/1CO/1CO_011/1CO_011_007.wav,amu fam yayean ki bod ntom a nlo mbol ane evegele ai duma zamba mininga nye ane hm duma fam
/content/drive/MyDrive/Clean_filtered_Ewo/1CO/1CO_011/1CO_011_008.wav,amu fam yatye ki abe mininga mininga nnye atye abe fam
/content/drive/MyDrive/Clean_filtered_Ewo/1CO/1CO_011/1CO_011_011.wav,to hm nala abe nti mininga aseki dzam nyin tege ai fam fam tege dzam nyin tege ai mininga
/content/drive/MyDrive/Clean_filtered_Ewo/1CO/1CO_011/1CO_011_009.wav,ndo fe fam yandzeki komban asu mininga mininga nnye angakomban hm asu fam
/content/drive/MyDrive/Clean_filtered_Ewo/1CO/1CO_011/1CO_011_010.wav,asu te mininga ayean bi dzin a nlo woe asu bengles
/content/drive/MyDrive/Clean_filtered_Ewo/1CO/1CO_011/1CO_011_012.wav,amu akyae ya mininga atye abe fam nala ngo fe fam yabyali abe mininga byem bise biatye abe zamba
/content/drive/MyDrive/Clean_filtered_Ewo/1CO/1CO_011/1CO_011_015.wav,eyon ki mininga adili dzo nala otoa nye adzo duma amu esil ene nye ane e dzom abudi nyol ete
/content/drive/MyDrive/Clean_filtered_Ewo/1CO/1CO_011/1CO_011_013.wav,mina beben yenan adzo di ye ane mben na mininga akogelan ai zamba nso nlo nga
/content/drive/MyDrive/Clean_filtered_Ewo/1CO/1CO_011/1CO_011_014.wav,nga nkoman ben bod bene wayegele mina na ane fam adzo oson na adili esil
/content/drive/MyDrive/Clean_filtered_Ewo/1CO/1CO_011/1CO_011_016.wav,nge mod zin atsog na ane dzam lanedan adzo di ma makad mina na to bia to menda me zamba mabele ki fulu te
/content/drive/MyDrive/Clean_filtered_Ewo/1CO/1CO_011/1CO_011_017.wav,e di mazu hm mina leb di mataman ki mina asu miakoan ki asu mben miakoan asu abe
/content/drive/MyDrive/Clean_filtered_Ewo/1CO/1CO_011/1CO_011_018.wav,amu e di osu eyon miakoan a ndazamba mawog na mine ngam ngam ndo mayebe te adzo te nala
/content/drive/MyDrive/Clean_filtered_Ewo/1CO/1CO_011/1CO_011_019.wav,amu mimfet miayean bo a zan dzaan asu ye na e bod bebele mfan nyebe a zan dzaan bekui a ngeen
/content/drive/MyDrive/Clean_filtered_Ewo/1CO/1CO_011/1CO_011_021.wav,amu a miadi ha he mod ose atari fo mana di bidi bie antoa hm na e mod nyo awogo zie e nyo mbog asogo meyog
/content/drive/MyDrive/Clean_filtered_Ewo/1CO/1CO_011/1CO_011_022.wav,nga mibele menda asu ye na midi minyu fe we ye na miabyandi ndazamba ndo miasama mimbubua mekad mina ya ye metaman mina mataman ki mina e dili
/content/drive/MyDrive/Clean_filtered_Ewo/1CO/1CO_011/1CO_011_024.wav,avee ngan abege nye na nyol dzama nyi a yabudan ai mina boan do na mitsog ma
/content/drive/MyDrive/Clean_filtered_Ewo/1CO/1CO_011/1CO_011_023.wav,amu mamen mengayege e mam mengakalan mina abe nti na nti yesus alu ya bengakuan ai nye ndo anganon mbanela
/content/drive/MyDrive/Clean_filtered_Ewo/1CO/1CO_011/1CO_011_025.wav,dzam deda a mvus bidi ndo anon kob nye na e kob nyi ene mkpaman elad a meki mama eyon ese miayi dzo nyu boan do na mitsog ma
/content/drive/MyDrive/Clean_filtered_Ewo/1CO/1CO_011/1CO_011_028.wav,mod atarigi hm bindi emen azu hm di mbanela anyu fe kob
/content/drive/MyDrive/Clean_filtered_Ewo/1CO/1CO_011/1CO_011_026.wav,amu eyon ese miadi mbanela nyo minyaa fe kob miayedan awu nti akele kui ane azu
/content/drive/MyDrive/Clean_filtered_Ewo/1CO/1CO_011/1CO_011_027.wav,antoa hm na e mod ose adi mbanela anyuu fe kob nti akyae layean ki ayi bele nkat a nyol ai meki me nti
/content/drive/MyDrive/Clean_filtered_Ewo/1CO/1CO_011/1CO_011_030.wav,asu te abui ya abe mina bakon betoa mintet bewaag
/content/drive/MyDrive/Clean_filtered_Ewo/1CO/1CO_011/1CO_011_029.wav,amu e mod adi anyaag fe adi anyaag fe ntol woe nge ayen ki na nyol eseki zeze mbanela
/content/drive/MyDrive/Clean_filtered_Ewo/1CO/1CO_011/1CO_011_033.wav,a babedzan eyon hm miakoan na miadi yangan e bod bevog
/content/drive/MyDrive/Clean_filtered_Ewo/1CO/1CO_011/1CO_011_031.wav,nge biatoan bindi bia beben bayi ki bia tsig mbe ntol
/content/drive/MyDrive/Clean_filtered_Ewo/1CO/1CO_011/1CO_011_032.wav,eyon nti ave bia endegele ayegele bia akomodo asu ye na biza ku a nkat ai sindon
/content/drive/MyDrive/Clean_filtered_Ewo/1CO/1CO_011/1CO_011_034.wav,nge mod awog zie adzaag a nda asu ye na miza koan asu nkat asu e mam mevog mayi mina son leb eyon mayi so
/content/drive/MyDrive/Clean_filtered_Ewo/1CO/1CO_012/1CO_012_001.wav,a babedzan mayi ki na mitobo a ndimi asu dzam bifae bi mfufub nsisim
/content/drive/MyDrive/Clean_filtered_Ewo/1CO/1CO_012/1CO_012_002.wav,miayem na hala mingene behaiden mingabe fo he aton mimvumvug bezeze bezamba
/content/drive/MyDrive/Clean_filtered_Ewo/1CO/1CO_012/1CO_012_003.wav,ndo hm makad mina na mod zin ase dzam bo na akobo ai ngul nsisim zamba nye na amala ai yesus ndo fe mod zin aseki dzam dzo na yesus ane nti nge tege ai ngul mfufub nsisim
/content/drive/MyDrive/Clean_filtered_Ewo/1CO/1CO_012/1CO_012_004.wav,bifae bi akab bine mekyae mekyae nsisim he mbog mbog
/content/drive/MyDrive/Clean_filtered_Ewo/1CO/1CO_012/1CO_012_005.wav,bisye bine fe kan kan he nti mbog mbog
/content/drive/MyDrive/Clean_filtered_Ewo/1CO/1CO_012/1CO_012_006.wav,minsol bisye mine mekyae mekyae he zamba mbog nnye abo mam mese a bod bese
/content/drive/MyDrive/Clean_filtered_Ewo/1CO/1CO_012/1CO_012_007.wav,nsisim wave mod ose na ayen e dzom ene ai mfi
/content/drive/MyDrive/Clean_filtered_Ewo/1CO/1CO_012/1CO_012_008.wav,amu e mod nyolo nsisim ove nye nkobo feg e nyo mbog he nsisim te ovee nkobo nyeman
/content/drive/MyDrive/Clean_filtered_Ewo/1CO/1CO_012/1CO_012_009.wav,mod he ai ngul nsisim te abi nyebe mod mfe fe nyolo abii efae abo bod mvoe he a nsisim mbog mbog te
/content/drive/MyDrive/Clean_filtered_Ewo/1CO/1CO_012/1CO_012_012.wav,akyae ya nyol ene dzidzia ebele abui bidzo bidzo bise ya nyol bitoa abui nyol etoa dzidzia nala ngo fe kristus ane
/content/drive/MyDrive/Clean_filtered_Ewo/1CO/1CO_012/1CO_012_010.wav,mod mfe ayi bi ngul ya abo mesimba e nyo mbog abii nkobo beprofet mfe nyolo na afas minsisim e nyolo na akobo minkobo kan kan e nyo mbog na atimi minkobo
/content/drive/MyDrive/Clean_filtered_Ewo/1CO/1CO_012/1CO_012_011.wav,e mam mese ma he nsisim mbog mbog ngo wabo mo ngo fe wakab ovaa ane mod e kan wadin
/content/drive/MyDrive/Clean_filtered_Ewo/1CO/1CO_012/1CO_012_014.wav,ndo hm nyol eseki edzo dzia ene abui bidzo
/content/drive/MyDrive/Clean_filtered_Ewo/1CO/1CO_012/1CO_012_013.wav,amu bia bese bingaduuban abe nsisim mbog na bine nyol dzia to yuden to grek to belo to fili bod ndo fe bia bise binganyu nsisim mbog
/content/drive/MyDrive/Clean_filtered_Ewo/1CO/1CO_012/1CO_012_016.wav,nge alo ladzo na mbol maseki dis mawoge ki ai nyol ye asu te layi bo te woge ai nyol nga
/content/drive/MyDrive/Clean_filtered_Ewo/1CO/1CO_012/1CO_012_015.wav,nge akol ladzo ana na mbol maseki wo mawoge ki ai nyol ye asu te ayi bo te woge ai nyol
/content/drive/MyDrive/Clean_filtered_Ewo/1CO/1CO_012/1CO_012_019.wav,nge bise bitoa edzo dzia nyol entoa ve
/content/drive/MyDrive/Clean_filtered_Ewo/1CO/1CO_012/1CO_012_017.wav,nge nguma nyol ose otoa dis bengawog ai dze nge otoa he nwogan benganyumulu ai dze
/content/drive/MyDrive/Clean_filtered_Ewo/1CO/1CO_012/1CO_012_018.wav,ndo hm zamba angakom bidzo edzo ese ya ete a nyol ane angadin
/content/drive/MyDrive/Clean_filtered_Ewo/1CO/1CO_012/1CO_012_021.wav,dis laseki dzam dzo ai wo na mayanan ki ai wa nge ki na nlo ongadzo ai mekol na mayanan ki ai mina
/content/drive/MyDrive/Clean_filtered_Ewo/1CO/1CO_012/1CO_012_022.wav,antoa antoa na e bidzo biayene ntegan abui mbie biadan mfi
/content/drive/MyDrive/Clean_filtered_Ewo/1CO/1CO_012/1CO_012_023.wav,ndo fe e bi biatsog na bine bidzo bi oson a nyol mod mbie biadan ve olugu e bi ya biaseki ai dzin mbie biadan mvaman ai bie
/content/drive/MyDrive/Clean_filtered_Ewo/1CO/1CO_012/1CO_012_026.wav,ndo hm nge edzo dzia ebele mintye bidzo bise bivog biawog mintye nge edzo dzia ebele olugu bidzo bise biawog ai dzo mintag
/content/drive/MyDrive/Clean_filtered_Ewo/1CO/1CO_012/1CO_012_024.wav,e bi bine dzin biayanan ki ai mvam dzaan ndo hm zamba angakom nyol e kan ye na avee e bi biadzeman ai olugu mod olugu nen
/content/drive/MyDrive/Clean_filtered_Ewo/1CO/1CO_012/1CO_012_025.wav,asu ye na te ngam ngam yabo a nyol he da na bidzo bimvaman bie bie a zan dzaban
/content/drive/MyDrive/Clean_filtered_Ewo/1CO/1CO_012/1CO_012_027.wav,mina mine nyol kristus mina fe ane mod mine bidzo
/content/drive/MyDrive/Clean_filtered_Ewo/1CO/1CO_012/1CO_012_030.wav,ye bese bebele bifae ya alede minkokon ye bese bakobo minkobo abui ye bese batimi minkobo mite
/content/drive/MyDrive/Clean_filtered_Ewo/1CO/1CO_012/1CO_012_028.wav,ndo hm zamba angatele bod bevog a ndazamba atari na apostel akalan na beprofet e di lala beyegele a mvus hala mesimba a mvus hala bifae bi akab ya alede akon avoli bod aleb bod akobo abui minkobo
/content/drive/MyDrive/Clean_filtered_Ewo/1CO/1CO_012/1CO_012_029.wav,ye bod bese bene apostel ye bese bene beprofet ye bese bene beyegele ye bese babo mesimba
/content/drive/MyDrive/Clean_filtered_Ewo/1CO/1CO_012/1CO_012_031.wav,dzenan hm e bifae ya bialod e bi ndo hm mazu mina lede e zen yadan nyeb
/content/drive/MyDrive/Clean_filtered_Ewo/1CO/1CO_013/1CO_013_001.wav,nge makobo minkobo mi bod ana ai e mi bengles ma tege ai edin ke mentoa ya e ngom etubi mebo he edun ane etug angonga
/content/drive/MyDrive/Clean_filtered_Ewo/1CO/1CO_013/1CO_013_002.wav,nge mebele ngul ya abo profet meyeme mam me ndimba mese ai nyeman ose nge mebele nyebe ose na mabodo minkol a si ma ha tege ai edin maseki dzom zin
/content/drive/MyDrive/Clean_filtered_Ewo/1CO/1CO_013/1CO_013_003.wav,to memana kab akuma dama ase mevee fe nyol dzama na bedigi dzo a ndoan ma ha tege ai edin maseki ai mfi zin
/content/drive/MyDrive/Clean_filtered_Ewo/1CO/1CO_013/1CO_013_005.wav,yabo ki nkot yadzen ki mfi woe yaseki nnem melinena yanyie ki dzam a nnem
/content/drive/MyDrive/Clean_filtered_Ewo/1CO/1CO_013/1CO_013_004.wav,edin ene fin edin ene afunnem eseki mekomena eseki minyene eseki engun
/content/drive/MyDrive/Clean_filtered_Ewo/1CO/1CO_013/1CO_013_007.wav,yadzibi mese yayebe mese yafidi mese yazombo mese
/content/drive/MyDrive/Clean_filtered_Ewo/1CO/1CO_013/1CO_013_008.wav,edin ene mvende te dzeman mfa esye profet yayi sole minkobo ki miayi man nyeman fe wayi sole
/content/drive/MyDrive/Clean_filtered_Ewo/1CO/1CO_013/1CO_013_009.wav,biayem he abim zin ndo fe biakobo ane beprofet he etun
/content/drive/MyDrive/Clean_filtered_Ewo/1CO/1CO_013/1CO_013_010.wav,eyon e dzi ene ntud a saan yayi so e mam bitun bitun mala mayi mana
/content/drive/MyDrive/Clean_filtered_Ewo/1CO/1CO_013/1CO_013_012.wav,etoa dzi mayem he etun a mvus mayi toan yem akyae ya zamba ayem ma
/content/drive/MyDrive/Clean_filtered_Ewo/1CO/1CO_013/1CO_013_013.wav,etoa dzi hm byem bialigi na nyebe afidi edin mbie bile bili edin ndzo hm yalod bise
/content/drive/MyDrive/Clean_filtered_Ewo/1CO/1CO_014/1CO_014_002.wav,amu e mod akobo nkobo te akobo ki ai bod akobo ai zamba amu to mod zin awog ki nye akobo te he mam me ndimba a nsisim
/content/drive/MyDrive/Clean_filtered_Ewo/1CO/1CO_014/1CO_014_001.wav,byean edin a zut dzenan fe bifae bi akab ya nsisim adan adan a na mikobo ane beprofet
/content/drive/MyDrive/Clean_filtered_Ewo/1CO/1CO_014/1CO_014_003.wav,e mod akobo ane profet akobo ai bod asu ye na awone bo afolo bo avaa fe bo ngul a nyol
/content/drive/MyDrive/Clean_filtered_Ewo/1CO/1CO_014/1CO_014_006.wav,ndo hm etoa dzi a babedzan nge mazu abe mina mekobogo minkobo meboo ai mina mfi dze nge mandzeki kobo ai mina na makuli mam nge a nyeman nge a nkobo profet nge a ayegele
/content/drive/MyDrive/Clean_filtered_Ewo/1CO/1CO_014/1CO_014_004.wav,e mod akobo minkobo awone emen e nyo akobo ane profet awone ndazamba
/content/drive/MyDrive/Clean_filtered_Ewo/1CO/1CO_014/1CO_014_005.wav,mayi na mina bese mikobo minkobo dzam da na midana kobo ane beprofet nkobo beprofet walod nkobo mod wakobo minkobo nge aseki na mod atimi minkobo mite asu ye na ndazamba ebi awone
/content/drive/MyDrive/Clean_filtered_Ewo/1CO/1CO_014/1CO_014_007.wav,nga to e byem bi obobomo bine tege ai enyin to ololon to mvet nge batoan ki bom na beyeme kin eye bayi yem e dzia babom ya
/content/drive/MyDrive/Clean_filtered_Ewo/1CO/1CO_014/1CO_014_010.wav,minkobo mine hm fo a sindon sug ya abui ndo bawog mise
/content/drive/MyDrive/Clean_filtered_Ewo/1CO/1CO_014/1CO_014_008.wav,dzam deda nge balon ton ana tege yem kin te za ayi komezan bita
/content/drive/MyDrive/Clean_filtered_Ewo/1CO/1CO_014/1CO_014_009.wav,dzam deda fe asu daan a adzo minkobo nge miakobo ki a saan eye bayi yem e dzam miadzo ya miayi kobo a evundu
/content/drive/MyDrive/Clean_filtered_Ewo/1CO/1CO_014/1CO_014_012.wav,dzam deda hm asu daan nge miayag ai bifae bi nsisim dzenan bie abui asu ye na ndazamba ewoneban
/content/drive/MyDrive/Clean_filtered_Ewo/1CO/1CO_014/1CO_014_011.wav,nge mayem ki mbol e dzam badzo latyan mene man belobolobo asu e mod akobo nye fe man belobolobo asu dama
/content/drive/MyDrive/Clean_filtered_Ewo/1CO/1CO_014/1CO_014_013.wav,asu te e mod akobo minkobo akogelan fe na atimi mie
/content/drive/MyDrive/Clean_filtered_Ewo/1CO/1CO_014/1CO_014_014.wav,nge makogelan a minkobo nsisim wama wakogelan nsisim wama tege ai mfi ya ete
/content/drive/MyDrive/Clean_filtered_Ewo/1CO/1CO_014/1CO_014_015.wav,antoa hm ya mayi kogelan a nsisim ndo fe mayi kogelan a nnem mayi yia bia bi olugu a nsisim meyiaga fe a nnem
/content/drive/MyDrive/Clean_filtered_Ewo/1CO/1CO_014/1CO_014_016.wav,nge walugu zamba a nsisim eye e mod aso a nsen ayi yalan amen ya a wakan zamba amu ayem ki e dzom wadzo
/content/drive/MyDrive/Clean_filtered_Ewo/1CO/1CO_014/1CO_014_017.wav,amu mfa woe wa wave ngan mben dzam da e mod mbog ayen ki mfi ya ete
/content/drive/MyDrive/Clean_filtered_Ewo/1CO/1CO_014/1CO_014_020.wav,a babedzan te miabo bongo a feg boan bongo a abe boan mintud a feg
/content/drive/MyDrive/Clean_filtered_Ewo/1CO/1CO_014/1CO_014_019.wav,mayi na a ekoan biakoan mekobo bibug bitan ai nnem asu ye na mayegele e bod bevog alodo ane nted bibug a minkobo
/content/drive/MyDrive/Clean_filtered_Ewo/1CO/1CO_014/1CO_014_021.wav,ane ntilan a mvende na mayi kobo ai e bod ba a minkobo mife ai a minkobo belobolobo ndo to nala bayi ki ma bo mewog
/content/drive/MyDrive/Clean_filtered_Ewo/1CO/1CO_014/1CO_014_022.wav,asu te se ki asu beyebe ngo minkobo mine ndem mine asu behaiden nkobo beprofet oseki asu behaiden one asu beyebe
/content/drive/MyDrive/Clean_filtered_Ewo/1CO/1CO_014/1CO_014_023.wav,nge ndazamba ese ekoan hom mbog bod bese bengakobo minkobo e bod bayem ki do nge ki na behaiden beso nyian nga bayi dzo na miasog
/content/drive/MyDrive/Clean_filtered_Ewo/1CO/1CO_014/1CO_014_024.wav,nge bese bakobo ane beprofet man haiden nge e mod ayege son an yian bod bese bayi nye kpe a adzo antoa a meku
/content/drive/MyDrive/Clean_filtered_Ewo/1CO/1CO_014/1CO_014_025.wav,e ma mese mesolo nye a nnem mayi kui a ngeen abog te ayi laban ai asu a si angakogelan ai zamba nye na zamba ane abe mina bebela
/content/drive/MyDrive/Clean_filtered_Ewo/1CO/1CO_014/1CO_014_026.wav,antoa hm ya a babedzan eyon miakoan mod ose abelege dzia olugu abelege ayegele nge ekulimam nge nkobo nge mbol atimi nkobo te mam mese mebo asu awone
/content/drive/MyDrive/Clean_filtered_Ewo/1CO/1CO_014/1CO_014_027.wav,nge mod akobo minkobo he bebe nge bedan bele ane mod eyon dzie mod mbog atimini fe
/content/drive/MyDrive/Clean_filtered_Ewo/1CO/1CO_014/1CO_014_028.wav,nge e mod atimi aseki atobo evol a ekoan akobo asu die emen ai asu zamba
/content/drive/MyDrive/Clean_filtered_Ewo/1CO/1CO_014/1CO_014_029.wav,beprofet bekobogo bebe nge bele e bod bevog bengafyal
/content/drive/MyDrive/Clean_filtered_Ewo/1CO/1CO_014/1CO_014_030.wav,nge bakuli mod mfe mam e mod osu akuu evol
/content/drive/MyDrive/Clean_filtered_Ewo/1CO/1CO_014/1CO_014_031.wav,amu mina bese mine dzam kobo ane profet mod mbombog asu ye na bod bese beyege bebi fe awone ete
/content/drive/MyDrive/Clean_filtered_Ewo/1CO/1CO_014/1CO_014_032.wav,minsisim beprofet miwogo edzoe beprofet
/content/drive/MyDrive/Clean_filtered_Ewo/1CO/1CO_014/1CO_014_033.wav,amu zamba aseki zamba ndugelan ane zamba mvoe akyae ane a menda me zamba mimfufub mise
/content/drive/MyDrive/Clean_filtered_Ewo/1CO/1CO_014/1CO_014_034.wav,bininga betobogo bivol a bikoan amu babele ki ngul ya akobo he na bebo mewog akyae mvende yadzo
/content/drive/MyDrive/Clean_filtered_Ewo/1CO/1CO_014/1CO_014_035.wav,nge bayi na bayege dzom zin besiligi beyom baban a menda maban amu ane adzo oson na mininga akobo a ndazamba
/content/drive/MyDrive/Clean_filtered_Ewo/1CO/1CO_014/1CO_014_036.wav,ye mina mingakad ebug zamba ye engaso ki abe mina etam
/content/drive/MyDrive/Clean_filtered_Ewo/1CO/1CO_014/1CO_014_037.wav,nge mod atsog na ane profet nge ki na abele bifae bi nsisim alana e mam matil mina amu mene mvende nti
/content/drive/MyDrive/Clean_filtered_Ewo/1CO/1CO_014/1CO_014_038.wav,nge ayebe ki mo zamba ayem ki nye
/content/drive/MyDrive/Clean_filtered_Ewo/1CO/1CO_014/1CO_014_040.wav,dzam ase aboban mben mben mbol wayean
/content/drive/MyDrive/Clean_filtered_Ewo/1CO/1CO_015/1CO_015_002.wav,nnye akode mina nge mitoan nyie e bibug mengayedan mina nye ete nge ane na miandzeki nyebe nyebe angog
/content/drive/MyDrive/Clean_filtered_Ewo/1CO/1CO_015/1CO_015_001.wav,a babedzan madugan mina tsog mbembe foe mengayedan mina a minganon a mitele ete
/content/drive/MyDrive/Clean_filtered_Ewo/1CO/1CO_015/1CO_015_003.wav,mengave mina e di osu he e dzi fe bengave ma na kristus angawu asu minsem mian ane ntilan wadzo
/content/drive/MyDrive/Clean_filtered_Ewo/1CO/1CO_015/1CO_015_006.wav,ndo fe angadugan yene babedzan minted mitan eyon dzia abui ya ete bengene tala ana bevog bengawu ya
/content/drive/MyDrive/Clean_filtered_Ewo/1CO/1CO_015/1CO_015_005.wav,ai na kefas angayen nye be awom ai bebe fe
/content/drive/MyDrive/Clean_filtered_Ewo/1CO/1CO_015/1CO_015_007.wav,ndo fe angayene yakob ayene fe apostel bese
/content/drive/MyDrive/Clean_filtered_Ewo/1CO/1CO_015/1CO_015_008.wav,a mvus bese ayene fe ma ya mene ane enyungi dzom
/content/drive/MyDrive/Clean_filtered_Ewo/1CO/1CO_015/1CO_015_009.wav,amu ma mene meligimvua ya apostel a makyebe ki na beloe ma na man apostel mbol mengaluman ai ndazamba
/content/drive/MyDrive/Clean_filtered_Ewo/1CO/1CO_015/1CO_015_010.wav,mene e dzom mene ai maa zamba ndo e maa woe angave ma andzeki kanga evoe he da mengawu esye alodo bo bese se hm ki ma e maa zamba ane ai ma
/content/drive/MyDrive/Clean_filtered_Ewo/1CO/1CO_015/1CO_015_011.wav,ndo hm to ma to bo e kan bingayedan mbembe foe nala ngo fe mingayebe
/content/drive/MyDrive/Clean_filtered_Ewo/1CO/1CO_015/1CO_015_012.wav,nge biabende na kristus angakui a son bewu eye bod bevog ya abe mina badzo ya na akuile son bewu laseki
/content/drive/MyDrive/Clean_filtered_Ewo/1CO/1CO_015/1CO_015_016.wav,nge bewu bakui ki a son to kristus nye andzeki kui a son
/content/drive/MyDrive/Clean_filtered_Ewo/1CO/1CO_015/1CO_015_014.wav,nge kristus andzeki hm kui a son mbendan biabende foe one evoe nyebe waan fe he evoe
/content/drive/MyDrive/Clean_filtered_Ewo/1CO/1CO_015/1CO_015_015.wav,bayi hm fe yen na bine beprofet minnal be zamba amu biaboolo na zamba angakuli kristus a son nde nye andzeki nye kuli nge ane na bewu bakui ki a son
/content/drive/MyDrive/Clean_filtered_Ewo/1CO/1CO_015/1CO_015_019.wav,nge bingafidi kristus he enyin dzi bia fo biadan engongol a bod bese
/content/drive/MyDrive/Clean_filtered_Ewo/1CO/1CO_015/1CO_015_017.wav,nge kristus andzeki kui a son nyebe waan one zeze ndo mingele minada a minsem mian
/content/drive/MyDrive/Clean_filtered_Ewo/1CO/1CO_015/1CO_015_018.wav,nala ontoa na e bod bengawu abe kristus bene ndzanan
/content/drive/MyDrive/Clean_filtered_Ewo/1CO/1CO_015/1CO_015_021.wav,amu awu lengaso etom mod mbog ndo fe akuile son lazu he etom mod mbog
/content/drive/MyDrive/Clean_filtered_Ewo/1CO/1CO_015/1CO_015_020.wav,ndo hm ane na kristus angakui a son bewu ntol bewu bese
/content/drive/MyDrive/Clean_filtered_Ewo/1CO/1CO_015/1CO_015_022.wav,akyae ya bod bese bawu abe adam nala ngo fe bod bese babi enyin abe kristus
/content/drive/MyDrive/Clean_filtered_Ewo/1CO/1CO_015/1CO_015_023.wav,mod ose hm a etye dzie kristus ane ntol a mvus hala e bod bayi tobo ai kristus eyon adugan so
/content/drive/MyDrive/Clean_filtered_Ewo/1CO/1CO_015/1CO_015_024.wav,a mvus hala memana eyon ayi ve esya edzoe zamba eyon ayi tege edzoe ese ai ngul ese
/content/drive/MyDrive/Clean_filtered_Ewo/1CO/1CO_015/1CO_015_025.wav,amu ayean dzoe akele kui ane asili minzizin mie a mekol a si
/content/drive/MyDrive/Clean_filtered_Ewo/1CO/1CO_015/1CO_015_026.wav,nzizin mvua ayi tege one awu
/content/drive/MyDrive/Clean_filtered_Ewo/1CO/1CO_015/1CO_015_027.wav,amu angatele nye byem bise a mekol a si eyon ayi dzo na metege ya byem bise nala watyan na sesala he e nyo angave nye edzoe
/content/drive/MyDrive/Clean_filtered_Ewo/1CO/1CO_015/1CO_015_030.wav,a dze bingene waa ndzug
/content/drive/MyDrive/Clean_filtered_Ewo/1CO/1CO_015/1CO_015_028.wav,eyon hm byem bise biayi nye tege osu mon emen ayi tobo a edzoe e mod angamana nye tege byem bise asu ye na zamba abo byem bise a bod bese
/content/drive/MyDrive/Clean_filtered_Ewo/1CO/1CO_015/1CO_015_029.wav,amu ye na e bod baduuban asu bewu bayi hm bo ya nge ane hm fo na bewu bakui ki a son asu dze bod baduuban asu daban
/content/drive/MyDrive/Clean_filtered_Ewo/1CO/1CO_015/1CO_015_031.wav,manden ai awu amos ose son he engun dzaan e dzi ya mebele abe kristus nti waan
/content/drive/MyDrive/Clean_filtered_Ewo/1CO/1CO_015/1CO_015_032.wav,he a etye mod mfi dze ongabe ma na meluman ai tsit a efesi nge bewu bakui ki a son ndzaan binyaag amu biayi wu okidi
/content/drive/MyDrive/Clean_filtered_Ewo/1CO/1CO_015/1CO_015_033.wav,te miake a ndimi mbe eyon andaman mbembe fulu
/content/drive/MyDrive/Clean_filtered_Ewo/1CO/1CO_015/1CO_015_034.wav,zaan a tetele zen te miabada sem amu bod bevog bayem ki zamba makobo na mekub mina oson a nlo
/content/drive/MyDrive/Clean_filtered_Ewo/1CO/1CO_015/1CO_015_035.wav,mod zin nyolo ayi dzo na eye bewu bakui a son ya bazu ai kan nyol fe
/content/drive/MyDrive/Clean_filtered_Ewo/1CO/1CO_015/1CO_015_036.wav,a akud dzom e mvon wamias a si yabele ki enyin se na etari wu
/content/drive/MyDrive/Clean_filtered_Ewo/1CO/1CO_015/1CO_015_037.wav,ndo e mvon wamias se ki e nyol wayi fumi ndzo wamias wamias nso fes nge oles nge fes fe ki
/content/drive/MyDrive/Clean_filtered_Ewo/1CO/1CO_015/1CO_015_038.wav,zamba ave nye e nyol adin ndo mvon ese ebele nyol dzie
/content/drive/MyDrive/Clean_filtered_Ewo/1CO/1CO_015/1CO_015_039.wav,ndo nyol ese eseki dzam da he da mod abele endzie nyol tsit etoa etam nyol anon etam nyol kos etam
/content/drive/MyDrive/Clean_filtered_Ewo/1CO/1CO_015/1CO_015_042.wav,nala ngo fe akuile son bewu ane babe a si eboege engakui a son tege ai eboe
/content/drive/MyDrive/Clean_filtered_Ewo/1CO/1CO_015/1CO_015_040.wav,nyol ya yob ene nyol ya si etoa fe ndo duma nyol ya yob ane etam duma nyol ya si etam
/content/drive/MyDrive/Clean_filtered_Ewo/1CO/1CO_015/1CO_015_043.wav,eyon yadzeban adzo oson engakui a son ai duma yadzeban obobod engakui a son a ngul ete
/content/drive/MyDrive/Clean_filtered_Ewo/1CO/1CO_015/1CO_015_044.wav,badzeb nyol minson nyol nsisim engakui a son nge nyol minson ene nyol nsisim dzo ene fe
/content/drive/MyDrive/Clean_filtered_Ewo/1CO/1CO_015/1CO_015_041.wav,duma nlodzobo ane etam duma ngon atoa etam duma atitie fe etam amu atitie laselan a duma
/content/drive/MyDrive/Clean_filtered_Ewo/1CO/1CO_015/1CO_015_045.wav,akyae ya ane ntilan na adam e mod osu ambele enyin e adam mvua nye abo ya hm nsisim wave enyin
/content/drive/MyDrive/Clean_filtered_Ewo/1CO/1CO_015/1CO_015_046.wav,dzam da se ki nyol nsisim ndzo etele osu nyol minson fo ndzo etele osu a mvus hala nyol nsisim
/content/drive/MyDrive/Clean_filtered_Ewo/1CO/1CO_015/1CO_015_047.wav,e mod osu atye a mbodog ya si e mod bee aso a yob
/content/drive/MyDrive/Clean_filtered_Ewo/1CO/1CO_015/1CO_015_048.wav,e kan mod mbodog ane nala ngo fe bod be mbodog bene e kan e mod ya yob ane nala ngo fe bod ya yob bene
/content/drive/MyDrive/Clean_filtered_Ewo/1CO/1CO_015/1CO_015_049.wav,e kan ya bingabege evegele mbodog nala ngo fe biayi bege evegele ya yob
/content/drive/MyDrive/Clean_filtered_Ewo/1CO/1CO_015/1CO_015_050.wav,a babedzan madzo e dzam di na minson ai meki biaseki dzam bi elig edzoe zamba e dzi yaboe eseki dzam bi elig e dzi ene te boe
/content/drive/MyDrive/Clean_filtered_Ewo/1CO/1CO_015/1CO_015_053.wav,amu eboe dzi yayean bod teaieboe nyol awu ebodo nyol kole
/content/drive/MyDrive/Clean_filtered_Ewo/1CO/1CO_015/1CO_015_054.wav,eyon eboe dzi yayi bod te ai eboe e nyol awu nyi ebodo nyol kole abog te ebug engatilban yayi yenan na awu ategeban ya
/content/drive/MyDrive/Clean_filtered_Ewo/1CO/1CO_015/1CO_015_051.wav,yenan sik ndimba ndzo makad mina nyi bia bese biayi ki wu dzam da bia bese biayi tsende
/content/drive/MyDrive/Clean_filtered_Ewo/1CO/1CO_015/1CO_015_052.wav,a ekabela dis etye etye a e ton mvua amu bayi lon ton bewu bengakui a son tege dzam dugan ndaman bia bingatsende
/content/drive/MyDrive/Clean_filtered_Ewo/1CO/1CO_015/1CO_015_055.wav,a awu eye wado ve a awu eye ngal bita dzoe ene ve
/content/drive/MyDrive/Clean_filtered_Ewo/1CO/1CO_015/1CO_015_056.wav,ngal bita awu ene nsem ngul nsem ndzo ene mvende
/content/drive/MyDrive/Clean_filtered_Ewo/1CO/1CO_015/1CO_015_057.wav,ngan ai zamba mbol abo na bido abe nti waan yesus kristus
/content/drive/MyDrive/Clean_filtered_Ewo/1CO/1CO_015/1CO_015_058.wav,a mindindin mi babedzan antoa hm na boan nkanga te teg mibulugu bo esye nti kom ese miyeme na ndzug waan oseki zeze abe nti
/content/drive/MyDrive/Clean_filtered_Ewo/1CO/1CO_016/1CO_016_001.wav,ndo hm asu ntogan moni asu mimfufub akyae ya mengabende menda me zamba ya galati nala ngo fe miboog
/content/drive/MyDrive/Clean_filtered_Ewo/1CO/1CO_016/1CO_016_004.wav,nge ane ai mfi na meke bayi ke ai ma eyon
/content/drive/MyDrive/Clean_filtered_Ewo/1CO/1CO_016/1CO_016_002.wav,amos osu ya sabbat ose mod ose ya abe mina anyiege man dzom a nda abim ase abele ngul asu ye na te etogan moni yabo eyon mayi so
/content/drive/MyDrive/Clean_filtered_Ewo/1CO/1CO_016/1CO_016_003.wav,eyon mayi so e bod miayi tob mayi bo lom ai kalara a mo na beke ai efae dzaan a yerusalem
/content/drive/MyDrive/Clean_filtered_Ewo/1CO/1CO_016/1CO_016_005.wav,mayi so abe mina eyon mayi lod a masedonia amu mayi lod a masedonia
/content/drive/MyDrive/Clean_filtered_Ewo/1CO/1CO_016/1CO_016_006.wav,mene dzam tobo abe mina eyon zin ben na mayi tobo hala abog oyon ase asu ye na miyaan ai ma e hom ose mene tye na make
/content/drive/MyDrive/Clean_filtered_Ewo/1CO/1CO_016/1CO_016_007.wav,amu mayi ki na mayen mina etoa dzi a ntulan mbol mafidi na mayi tobo abe mina man eban nge nti ayebe
/content/drive/MyDrive/Clean_filtered_Ewo/1CO/1CO_016/1CO_016_010.wav,nge timoteus aso dzenan na te adugan kon won amu nye fe abo esye nti ane ma
/content/drive/MyDrive/Clean_filtered_Ewo/1CO/1CO_016/1CO_016_008.wav,mayi tobo a efesi akui a pentekoste
/content/drive/MyDrive/Clean_filtered_Ewo/1CO/1CO_016/1CO_016_009.wav,amu mod mbe ayoo ma we ayene mben oyab abui minzizin mine we
/content/drive/MyDrive/Clean_filtered_Ewo/1CO/1CO_016/1CO_016_013.wav,vebegan boan nkanga a nyebe boan fam toman nyol
/content/drive/MyDrive/Clean_filtered_Ewo/1CO/1CO_016/1CO_016_011.wav,te mod zin afem nye miyaan ai nye mvoe asu ye na azu abe ma amu mayanga nye ai babedzan
/content/drive/MyDrive/Clean_filtered_Ewo/1CO/1CO_016/1CO_016_012.wav,mfag madzan apollos mekogelan ya ai nye abui na azu abe mina ai babedzan ndo hm nyian woe ohe be ki na azu etoa dzi ayi son eyon ayi bi afola
/content/drive/MyDrive/Clean_filtered_Ewo/1CO/1CO_016/1CO_016_016.wav,boan kan bod te mewog ai e mod ose asye ai bo awaa fe ndzug
/content/drive/MyDrive/Clean_filtered_Ewo/1CO/1CO_016/1CO_016_014.wav,e dzam ase miabo aboo he edin
/content/drive/MyDrive/Clean_filtered_Ewo/1CO/1CO_016/1CO_016_015.wav,makogelan ai mina a babedzan miayem ndabod stefanas endzo ene ntol beyebe ya akaia ndo benganyian a esye mimfufub
/content/drive/MyDrive/Clean_filtered_Ewo/1CO/1CO_016/1CO_016_018.wav,bengavoli ma nnem ai minnem mian fe mikama akyae bod te
/content/drive/MyDrive/Clean_filtered_Ewo/1CO/1CO_016/1CO_016_017.wav,mawog mintag na stefanas ai fortunatus ai akaikus beso amu bene a meyian ya mbol miadzeman ma a mis
/content/drive/MyDrive/Clean_filtered_Ewo/1CO/1CO_016/1CO_016_019.wav,menda me zamba ya azia masug mina akila ai priska ai e ndazamba yakoan a nda dzaban bemana mina sug abui abui
/content/drive/MyDrive/Clean_filtered_Ewo/1CO/1CO_016/1CO_016_020.wav,babedzan bese basug mina sugan mina mina miwuban mimfufub mewuban
/content/drive/MyDrive/Clean_filtered_Ewo/1CO/1CO_016/1CO_016_021.wav,mamen paulus matil mesugan ai wo wama
/content/drive/MyDrive/Clean_filtered_Ewo/1CO/1CO_016/1CO_016_022.wav,nge mod zin adin ki nti amala ai nye maranatha zaag a nti
